[
  {
    "line": 2,
    "elements": [
      {
        "before": [
          {
            "result": {
              "duration": 203924500,
              "status": "passed"
            },
            "match": {
              "location": "Hooks.scenarioName(Scenario)"
            }
          }
        ],
        "line": 12,
        "name": "User can Login successfully with valid user and pass",
        "description": "",
        "id": "login-actions;user-can-login-successfully-with-valid-user-and-pass;;2",
        "after": [
          {
            "result": {
              "duration": 2700934200,
              "status": "passed"
            },
            "match": {
              "location": "Hooks.teardown()"
            }
          }
        ],
        "type": "scenario",
        "keyword": "Scenario Outline",
        "steps": [
          {
            "result": {
              "duration": 6915051400,
              "status": "passed"
            },
            "line": 5,
            "name": "User can Navigate to WebSite",
            "match": {
              "location": "LoginPageStepdef.user_can_Navigate_to_WebSite()"
            },
            "keyword": "Given "
          },
          {
            "result": {
              "duration": 144597400,
              "status": "passed"
            },
            "line": 6,
            "name": "Enter Username \"Admin\"",
            "match": {
              "arguments": [
                {
                  "val": "Admin",
                  "offset": 16
                }
              ],
              "location": "LoginPageStepdef.enter_Username(String)"
            },
            "matchedColumns": [
              0
            ],
            "keyword": "When "
          },
          {
            "result": {
              "duration": 91214300,
              "status": "passed"
            },
            "line": 7,
            "name": "Enter Password \"admin123\"",
            "match": {
              "arguments": [
                {
                  "val": "admin123",
                  "offset": 16
                }
              ],
              "location": "LoginPageStepdef.enter_Password(String)"
            },
            "matchedColumns": [
              1
            ],
            "keyword": "And "
          },
          {
            "result": {
              "duration": 3867007200,
              "status": "passed"
            },
            "line": 8,
            "name": "User Login Successfully",
            "match": {
              "location": "LoginPageStepdef.user_Login_Successfully()"
            },
            "keyword": "Then "
          }
        ],
        "tags": [
          {
            "line": 1,
            "name": "@Run"
          }
        ]
      }
    ],
    "name": "Login Actions",
    "description": "",
    "id": "login-actions",
    "keyword": "Feature",
    "uri": "LoginPage.feature",
    "tags": [
      {
        "line": 1,
        "name": "@Run"
      }
    ]
  },
  {
    "line": 2,
    "elements": [
      {
        "before": [
          {
            "result": {
              "duration": 36144700,
              "status": "passed"
            },
            "match": {
              "location": "Hooks.scenarioName(Scenario)"
            }
          }
        ],
        "line": 13,
        "name": "User can Navigate to UsersPage successfully",
        "description": "",
        "id": "userpage--actions;user-can-navigate-to-userspage-successfully;;2",
        "after": [
          {
            "result": {
              "duration": 2271472300,
              "status": "passed"
            },
            "match": {
              "location": "Hooks.teardown()"
            }
          }
        ],
        "type": "scenario",
        "keyword": "Scenario Outline",
        "steps": [
          {
            "result": {
              "duration": 5762725200,
              "status": "passed"
            },
            "line": 5,
            "name": "User can Navigate to WebSite",
            "match": {
              "location": "LoginPageStepdef.user_can_Navigate_to_WebSite()"
            },
            "keyword": "Given "
          },
          {
            "result": {
              "duration": 102889700,
              "status": "passed"
            },
            "line": 6,
            "name": "Enter Username \"Admin\"",
            "match": {
              "arguments": [
                {
                  "val": "Admin",
                  "offset": 16
                }
              ],
              "location": "LoginPageStepdef.enter_Username(String)"
            },
            "matchedColumns": [
              0
            ],
            "keyword": "When "
          },
          {
            "result": {
              "duration": 107839300,
              "status": "passed"
            },
            "line": 7,
            "name": "Enter Password \"admin123\"",
            "match": {
              "arguments": [
                {
                  "val": "admin123",
                  "offset": 16
                }
              ],
              "location": "LoginPageStepdef.enter_Password(String)"
            },
            "matchedColumns": [
              1
            ],
            "keyword": "And "
          },
          {
            "result": {
              "duration": 3731167400,
              "status": "passed"
            },
            "line": 8,
            "name": "User Login Successfully",
            "match": {
              "location": "LoginPageStepdef.user_Login_Successfully()"
            },
            "keyword": "And "
          },
          {
            "result": {
              "duration": 1538756300,
              "status": "passed"
            },
            "line": 9,
            "name": "User can Open Users Page",
            "match": {
              "location": "NavigationStepdef.user_can_Open_Users_Page()"
            },
            "keyword": "Then "
          }
        ],
        "tags": [
          {
            "line": 1,
            "name": "@Run"
          }
        ]
      }
    ],
    "name": "UserPage  Actions",
    "description": "",
    "id": "userpage--actions",
    "keyword": "Feature",
    "uri": "Users.feature",
    "tags": [
      {
        "line": 1,
        "name": "@Run"
      }
    ]
  }
]